{"file_hashes":[{"block_hashes":["UlW6nenhThRifODdB+TXfF0gKdcJ8KqPv+SIKbUvoDw="],"block_size":4096,"path":"background.js"},{"block_hashes":["D1fHqVnoatPSDg7nC9hxENffOBSOFCzcuddanfnKw80="],"block_size":4096,"path":"content.js"},{"block_hashes":["5LLTrAaWTmRgM0r3JJd7wDZnTR0HcWK7Uy3CvCPa8Lk="],"block_size":4096,"path":"disabled-icon128.png"},{"block_hashes":["tKSkEXnToUBPM3+LPVp4j7yNK79BQnUz59f9w8f2cOc="],"block_size":4096,"path":"page.js"},{"block_hashes":["yK7xSEuQNhfo0mUSVsR6qyht5VMMWgaU5lbzB7LeRU0="],"block_size":4096,"path":"popup.html"},{"block_hashes":["j4AFjB6MG7FfLwXjGB2dwqdGe+ayT2+19Q8Qq5oET5Y="],"block_size":4096,"path":"popup.js"},{"block_hashes":["Sj1lyV+rXkjbgNDYSaKnqjEE8a/LZBPNNLadetdNoFY="],"block_size":4096,"path":"version.txt"}],"version":2}